-- Backup Database ecommerce_labib
-- Generated: 2026-02-26 09:10:28 WIB

SET FOREIGN_KEY_CHECKS=0;

DROP TABLE IF EXISTS `bukti_pembayaran`;
CREATE TABLE `bukti_pembayaran` (
  `id` int(11) NOT NULL AUTO_INCREMENT,
  `transaksi_id` int(11) NOT NULL,
  `user_id` int(11) NOT NULL,
  `nama_pengirim` varchar(100) DEFAULT NULL,
  `bank_pengirim` varchar(50) DEFAULT NULL,
  `nomor_rekening` varchar(50) DEFAULT NULL,
  `bukti` varchar(255) NOT NULL,
  `status` enum('menunggu','diterima','ditolak') DEFAULT 'menunggu',
  `created_at` datetime DEFAULT current_timestamp(),
  PRIMARY KEY (`id`),
  KEY `fk_bukti_transaksi` (`transaksi_id`),
  KEY `fk_bukti_user` (`user_id`),
  CONSTRAINT `fk_bukti_transaksi` FOREIGN KEY (`transaksi_id`) REFERENCES `transaksi` (`id`) ON DELETE CASCADE ON UPDATE CASCADE,
  CONSTRAINT `fk_bukti_user` FOREIGN KEY (`user_id`) REFERENCES `users` (`id`) ON DELETE CASCADE ON UPDATE CASCADE
) ENGINE=InnoDB AUTO_INCREMENT=2 DEFAULT CHARSET=utf8mb4 COLLATE=utf8mb4_general_ci;



DROP TABLE IF EXISTS `pesanan`;
CREATE TABLE `pesanan` (
  `id` int(11) NOT NULL AUTO_INCREMENT,
  `user_id` int(11) DEFAULT NULL,
  `nama_penerima` varchar(100) DEFAULT NULL,
  `hp` varchar(20) DEFAULT NULL,
  `alamat` text DEFAULT NULL,
  `metode_bayar` varchar(50) DEFAULT NULL,
  `total_bayar` int(11) DEFAULT NULL,
  `status_pesanan` varchar(20) DEFAULT 'Pending',
  `tanggal_pesan` datetime DEFAULT current_timestamp(),
  PRIMARY KEY (`id`)
) ENGINE=InnoDB AUTO_INCREMENT=7 DEFAULT CHARSET=utf8mb4 COLLATE=utf8mb4_general_ci;

INSERT INTO `pesanan` (`id`,`user_id`,`nama_penerima`,`hp`,`alamat`,`metode_bayar`,`total_bayar`,`status_pesanan`,`tanggal_pesan`) VALUES ('1','2','Labib','9083 8390 2679','Jl. Jalan, Kec/Kel. Beji, Depok, Jawabarat','DANA','17899000','Selesai','2026-02-10 12:11:23');
INSERT INTO `pesanan` (`id`,`user_id`,`nama_penerima`,`hp`,`alamat`,`metode_bayar`,`total_bayar`,`status_pesanan`,`tanggal_pesan`) VALUES ('2','2','Labib','9083 8390 2679','Jl. Jalan Kec/Kel. Beji, Depok, Jawa Barat','BCA','12000000','Selesai','2026-02-10 12:12:57');
INSERT INTO `pesanan` (`id`,`user_id`,`nama_penerima`,`hp`,`alamat`,`metode_bayar`,`total_bayar`,`status_pesanan`,`tanggal_pesan`) VALUES ('3','2','Fahmi','8789 2567 2654','Jl. Cendrawasih, Kec/Kel. Pancoran Mas, Depok, Jawa Barat','COD','15399000','Selesai','2026-02-10 12:23:26');
INSERT INTO `pesanan` (`id`,`user_id`,`nama_penerima`,`hp`,`alamat`,`metode_bayar`,`total_bayar`,`status_pesanan`,`tanggal_pesan`) VALUES ('4','2','Labib','9083 8390 2679','Jl. Bungur, RT.10/RW.12 Kec/Kel. Beji Depok, Jawa Barat','MANDIRI','4900000','Dikirim','2026-02-10 13:04:08');
INSERT INTO `pesanan` (`id`,`user_id`,`nama_penerima`,`hp`,`alamat`,`metode_bayar`,`total_bayar`,`status_pesanan`,`tanggal_pesan`) VALUES ('5','2','Labib','8789 2567 2654','JL. Matoa','GOPAY','3200000','Pending','2026-02-10 13:05:47');
INSERT INTO `pesanan` (`id`,`user_id`,`nama_penerima`,`hp`,`alamat`,`metode_bayar`,`total_bayar`,`status_pesanan`,`tanggal_pesan`) VALUES ('6','2','','9083 8390 2679','Jl. Kecapi','OVO','3900000','Diproses','2026-02-10 13:39:40');


DROP TABLE IF EXISTS `pesanan_detail`;
CREATE TABLE `pesanan_detail` (
  `id` int(11) NOT NULL AUTO_INCREMENT,
  `pesanan_id` int(11) DEFAULT NULL,
  `produk_id` int(11) DEFAULT NULL,
  `qty` int(11) DEFAULT NULL,
  `harga_saat_ini` int(11) DEFAULT NULL,
  PRIMARY KEY (`id`)
) ENGINE=InnoDB AUTO_INCREMENT=11 DEFAULT CHARSET=utf8mb4 COLLATE=utf8mb4_general_ci;

INSERT INTO `pesanan_detail` (`id`,`pesanan_id`,`produk_id`,`qty`,`harga_saat_ini`) VALUES ('1','1','2','1','4900000');
INSERT INTO `pesanan_detail` (`id`,`pesanan_id`,`produk_id`,`qty`,`harga_saat_ini`) VALUES ('2','1','3','1','5199000');
INSERT INTO `pesanan_detail` (`id`,`pesanan_id`,`produk_id`,`qty`,`harga_saat_ini`) VALUES ('3','1','4','2','3900000');
INSERT INTO `pesanan_detail` (`id`,`pesanan_id`,`produk_id`,`qty`,`harga_saat_ini`) VALUES ('4','2','1','1','3200000');
INSERT INTO `pesanan_detail` (`id`,`pesanan_id`,`produk_id`,`qty`,`harga_saat_ini`) VALUES ('5','2','2','1','4900000');
INSERT INTO `pesanan_detail` (`id`,`pesanan_id`,`produk_id`,`qty`,`harga_saat_ini`) VALUES ('6','2','4','1','3900000');
INSERT INTO `pesanan_detail` (`id`,`pesanan_id`,`produk_id`,`qty`,`harga_saat_ini`) VALUES ('7','3','6','1','15399000');
INSERT INTO `pesanan_detail` (`id`,`pesanan_id`,`produk_id`,`qty`,`harga_saat_ini`) VALUES ('8','4','2','1','4900000');
INSERT INTO `pesanan_detail` (`id`,`pesanan_id`,`produk_id`,`qty`,`harga_saat_ini`) VALUES ('9','5','1','1','3200000');
INSERT INTO `pesanan_detail` (`id`,`pesanan_id`,`produk_id`,`qty`,`harga_saat_ini`) VALUES ('10','6','4','1','3900000');


DROP TABLE IF EXISTS `petugas`;
CREATE TABLE `petugas` (
  `id` int(11) NOT NULL AUTO_INCREMENT,
  `nama` varchar(100) NOT NULL,
  `email` varchar(100) NOT NULL,
  `jabatan` varchar(50) NOT NULL,
  PRIMARY KEY (`id`)
) ENGINE=InnoDB AUTO_INCREMENT=4 DEFAULT CHARSET=utf8mb4 COLLATE=utf8mb4_general_ci;

INSERT INTO `petugas` (`id`,`nama`,`email`,`jabatan`) VALUES ('1','Indah','indah12@gmail.com','Staff');
INSERT INTO `petugas` (`id`,`nama`,`email`,`jabatan`) VALUES ('2','Labib','labib@gmail.com','Digital Marketing Specialist');
INSERT INTO `petugas` (`id`,`nama`,`email`,`jabatan`) VALUES ('3','Rojak','ujakronang66@gmail.com','E-Commerce Manager');


DROP TABLE IF EXISTS `produk`;
CREATE TABLE `produk` (
  `id` int(11) NOT NULL AUTO_INCREMENT,
  `nama` varchar(100) NOT NULL,
  `harga` int(11) NOT NULL,
  `stok` int(11) NOT NULL,
  `created_at` timestamp NOT NULL DEFAULT current_timestamp(),
  `foto` text DEFAULT NULL,
  `is_flash_sale` int(1) DEFAULT 0,
  PRIMARY KEY (`id`)
) ENGINE=InnoDB AUTO_INCREMENT=9 DEFAULT CHARSET=utf8mb4 COLLATE=utf8mb4_general_ci;

INSERT INTO `produk` (`id`,`nama`,`harga`,`stok`,`created_at`,`foto`,`is_flash_sale`) VALUES ('1','Lenovo ThinkPad A475','3200000','4','2026-02-08 14:54:57','data:image/jpeg;base64,/9j/4AAQSkZJRgABAQAAAQABAAD/2wCEAAkGBxMTEhUSExQWFhUWFRUXFRcWFxkZGBUYFxYXFxYXFxgZISggGxolGxUWITEhJSkrLi4vFx8zODMsNygtLisBCgoKDg0OGxAQGjcmHyUtLTIwLTE3Ny0uLTctNS0wNjUvKy4tLy0tLS8tLS8tLy0tListLy03Ny0tLS0tNS0rK//AABEIAKMBNgMBIgACEQEDEQH/xAAcAAEAAQUBAQAAAAAAAAAAAAAABAMFBgcIAgH/xABJEAACAQIDBAcFAwgJAQkAAAABAgADEQQSIQUxQVEGBxMiYXGBMnKRobEUgrIVQkNSkqLB0SMzU2Jzg+Hw8SQINERjk6OzwtL/xAAaAQEAAwEBAQAAAAAAAAAAAAAAAQIDBAYF/8QAMBEBAAEDAQQHCAMBAAAAAAAAAAECAxExBAUSIRNBUXGBkfAUMmGhscHR4SJCUhX/2gAMAwEAAhEDEQA/AN4xEQEREBERAREQEREBERAREQEREBERAREQERLfjduYaiSKuIo0yN4eoin4E3gXCJjFfrC2Yt/+rptb+zvU/ADLXiOtjZ6+z29T3aLD8eWBncTWOI646X6PCV28Xamg+TMflLVieuPEfo8JSXxeszfJUH1gbjiaHxXWttJvZ+zU/dpOxHqz/wAJacX1gbUffjGX3KdJf/qT84HR08vUA1JA8zactYnpDjKhPaYzFN/nuoP3UIEtlaz6uWf32ZvxEwOpcZ0kwdL+txWHT3qyD6mWfE9Zeyk34ymx5Uw1T8AM5zpUFHsoPRZMpI/BG/ZMiaojWV4t11aRlu6v1vbOHsDEVPcoMPx5Zb63XCn6LA12/wAR6SfRmmqUo1P1T8v5yQlGpyHqf5TOb9qNaoaxsm0TpRPk2DV61cY3sYOgnv13b8KCRn6ebUfdUwtL3aLuR6vU1+Ew+lTfd3fjp63EkJmBtmUa2vqRpx0O6Una7Mf2axu3ap/r84/LJF2vtGp7e0ao8KdKhT+ByE/ORdtV6lGg+IbGYx3QDJmxDhc5IC3RMoIvwltwuIe694W4gDlwN+fhJ1DDfbMbhMHvTP21b/Dp62PgbFfvCaW7tNyM0sL+z12KuGvVuToy1Y4SgcR/XGkhqW4MRe2vEXt6RLnE0YkREBERAREQEREBERAREQEREBERAREQERECHtjaC4ehUrv7NNGYjibDRR4k2A85zi9M1GeoVDO7s9RtNXY5mNz4n4TaXXBtU5aOBp6vVZXYDeQGy0l+8+v+XPPR3oEKf/eGFRcp7ilwpYsLtcZTuFrevKZ3Kq4xwRzbWKLVUzN2cRHZrLWC4Co25f8AZIH1IE8fYW5ibWHV8jMxNWwN7KqGy3JIsS53X4iSqfV9hxa71Dbll18wVM5pnap6oh3xTu6nrmfXdDT/AOTj+t8pVTZS2uanpY3+QI+c3LS6FYRb91jfm1vhlAt6SRR6LYRbWpbrgXeobX372kdHtU61R68Fum3fTpbmfXe0wNj0udRvdQkfwkephKIbLa+7ffjz1I+c3pS6O4RdRhqF+fZqT8SJPo4Oku5EHkqj6SZ2e7OtaI27ZqfdtRPfEftoSjs9T7NIHyW8nUdiVj7OHq+lJrfG03mDKd9dxlfYZn3q5X/68U+7biPXdDTqdGMYd2Hf1yr+IiSafQvGnfTVfeqJ/AmbYsb8f3f+Y47/AD1kxsFvtn14Kzvm91RHz/LWVPq/xZ3tRHm7H6LJVPq5q/nV0HkjH6kTY0S8bFa7GU722mdJiPBglHq4UatiCfKmB9WMmL0AoXu1WqeHd7NB46BJl081KgUEk2A1JPAc5pGzWo0pZVbw2mda/p+GqemuCo4eulKkXLZM1RnbMdTZR4aKT6iXfqY2fnqYrHMN5GHpH+6tmqEeBOT1UzXfSLbRr1q+IF++xyDjb2aY88oWb96F7G+yYKhh7DMlMF7cajd6p+8TNopimMQ5K66q54qpzK9xESVSIiAiIgIiICIiAiIgIiICIiAiIgIiICfGNhc6Ab59mG9a22vs+BdFNqlc9kvMKReo37AIvwLCBhewcYuN2nX2jVYChQ1QsbAfmUB52DPbnNi/lmhcAVNTmtZWscps3etbS/zExPo30JV9n0EqPUpsz/aG7MLfMwtSzZ1Yd1baEbyZkmE6M00Yu1StUYqATUZbgDXTKq7zv9OAkxjPNSuauGeDVchikyh7907iRbw3Wltx3SbC0jlZ7tcLlVWY3JygaDnLV0nxtSm3dammHpKoa6szk8lsQBwtv1Bmrdr9IalEPiPs9CrRqE0/6dC4LXuFC5l0Ci5Njy8RaYp6pWjOOerbFLp3hWxQwarVNe4BAQELdc5LMGtYCxPmOMvWJ2kii5uPgPrNO9XFBMSK2JDilUDEOlBiAEqWIJzlmW5W3dI0pgcLTJdu9CMRVpWw9hUb9JXqvZQd5Asxv6SvJL7h+tla+IOGwuEeq+ZgC1VUVsvHRWNjblMp6Q7bxGFVKn2YPTNQI+WoM6KQe+FNs2oAyg33zX+zdl/k7BKtLL9oWrTepURQwqZSWZSSAWQXsBpuvxMz7oxtZqlHtKpzFrMe73QbAFVudwI5b9NZEiw1+sK9LtaQo1cqqxCM1zmbKAFvcHuvqdLrLBV6zsXUqAUVpIguXz03LZQdbEta9iBx1142F66TbLpYmq9FFXD06hplq1I5KrVGZgWsAVIJyg31OvnMXw2xKdLG/ZqdR6qoVqPUfUlUA7OmSN/fN/G50tFMTVMRCly5Fuia56mfUtt4jKuZlDWGayjfbXfeVaGNxVTRCzW32VdPW0toUk2GpOg8TJm0XseyU91NNNzN+ex5m9/QT6XR0xyiIeVjabtWa665x8JxqlmhjDvLj76j+MjYujiEGZ2axNripfXkbGRKGHdzZVLeQ3eZ4SViF7Ol2V1LM+ZgpByhRYA243J+EYxOOXl+08XFTNX8sdszn7Qgs5O8k+ZMjdJcaMNs2tU0D1yKFPn3r5yPHKH9QJIAJ0G86CYd1vbRviKOCQ93D0xmsd9WrYm/iFCH75lNpqxTjtdO6bXHdmuer6z6lA6vdk/atoYemRdKZ+0VPdpEZPi5UeRnR81d1F7JtRr4wjWq/Z0z/wCXS0JHm5IPuTaM4HoyIiAiIgIiICIiAiIgIiICIiAiIgIiICIiAmoek5/KW2aeGGtHD3VuVls1c+rBafmomyelG1hhcLVrm10XuA8XbuoP2iJg/VHssrSq4x7lqzFVY7yqk52vzZ739wQNg2kDa+0VoUKldrWpqzADiRoq+ZbT1k5lvp4H5zW/W7tUWpYJTq39LVAOuRSQgOt+8wY+aCRI1dVx2IqO1R6rMWJa5YkAnXQE2XwA/VMtdWm9SjTo3u2IxLFMx7qqtqZbXcCxbXlTaX7bgFCk1iM5AUaje242voAoL/fkroftShSepjAruaNGjh8LTK5fazZmZhcZiFNTT+2YcJMEtl7PWngsOtOmg1ITD2IKMSNHQb2G9i5ALXJ4iS623GptSw6atUzm5uSqj2nOv6zqPMiaX2h04xK4kV61O7L2nZBgwBL2F739kDlfh5y/dGekz4hmrV2UMUsgCuVULdgi2B77MV3n8wf3byMzxb4YPWwpr9piGbKqoEUUMwVUQk3J3rcjiecuY2UuFoL2+Jyso0CgZV0tYX1b1mG4CpTwtZqyVVzZS7ln1qVKh3MbW9q5yDjbxlhxm2mxNamaxupqm92spVQe6Bv9oDXx85UXLaO3rPUqJU7RVy5SVylnUhkI4aafASX0FwhFJ676vWcm/wDdUkD55vlMQp0BXrJhlbIpY3YgsMzascqjS7G1twvyE2jhcOtNFpqLKihQPACwnTstGauLsfI3ve4bcW46/t+0/Z9lLVTupKW13ZtyfM39J4GNw6+yO0biXOl7A+wup3jeeMq0+xaiaTs6lmu2VQbgCwGvDU/GR22bhL37Sve1tFTjmvv8Gt90Tqmeej5dFMRRGJjxx9/hh9baT1SKYfeQBTXujvXsMo8jv5GUXWxIO8G3wkvDUsNSbtKZqmoA2XNly5mFgxtxH8TzkOWo7sMb8Rymasz5puyFUOajmyUlao55BRf/AF9JorF46pisRVrkE1K1QlV/vVGtTQeQIA92bQ6xNo/Z9mFAbPi3CePZrq/oQCv+YJi3U9sX7RtCkSO5QBrv5ju0h+0c3pOG/VxV9z0W7bPR2Inrnn68G/ejmyhhcLRwy7qVNVJ5sB3m9WufWXKImLvIiICIiAiIgIiICIiAiIgIiICIiAiIgIiU8TXWmjVHNlRSzE8AouT8BA1p1sY5q1bD7PpasWVm99+5TB8ACzHwIMzXD4MUaK0KS6JTCISLgWFszfU87zAugFFsZj6+0Kg0UnJfg7iwH3KWn3hMq6ZdIBhKee4GQdo407y+wiAk90tUZdbHRX5SJjIyBEyqFHAAC+/QW1mN7Y6LYWpXavUp13qOFBZGawAFgFFxa2UHTjLh0XxdWrhqdeuoVqiLUyC5yBlBC7rk7/lLpl8v2TJGFYzoFs+qR2mHxJ3kXapbvDiAeWluG6eKnQLZzAhsNidWLnvVASxyqT3W5AbuF7bzM6Xf/oYJvcC44X/iJEzgYOvVhsuqozUK1luqh61YEC9zYZtxJlWj1abMS2WjVFt1sRW4eGf0mX4ioVXRS53WuAd2+58vnKVPFnKSabAi1luhJvyseH/F5MIli2K6stmVNalCo/LNXrG3gO/oNTPuG6sdl0zdMKQbWv21UkC99LvofEePOZRSxBysezcEblJS7e7Y/W0q4dr3NmXUizW1txFuBgYpQ6A7NwzrVTDVM4JsRUr1LXBBJUuRuJ4S4HDYfT/pq+ov7L6akWPe36fMS8VX13/OeSx5/My0VVRpLOuzbrnNdMT3xlEobIoMobsmW/BiwI8xfSVPyJQ/U/eb+crZvE/vRmPM/OT0lfbKvstj/EeUKP5Fof2f7zfzg7Gof2Y+Lfzkhb8z8/rI+3torh8PVrv7NNGc+Sgmw8dLR0lfaezWf8R5Q0L1u7TFbaAw6exh0FNRwDNZnPoMg+4ZsvqM2P2eDfFEWbEP3bjXsqV0QfHOfUTRGEWriq5O+tXqWG+xqVm+mp8p1tsnAJh6NKgnsUkVF8lAF/lKN8Y5QlxEQEREBERAREQEREBERAREQEREBERAREQEwXrb2z2OFFBT3q5seYppYv8AE5V8mMzqalqH8o7Zvvo4c+hWi2ngc1U+q+UDLeiGBXCYNKbCzKO0raX77DMw032Fl+6I2zs2liuzz7mIKqaZOgAeza6aoDrbUCUdrDEUygU9qrO4YAEMcw0zG9sozEXFvzZ56ObLxP2hq2IsqKpSjTDhiSXYvVYL3VFjZQCTlOtjpI5TOMLcOKYqyv8Ai8YKQpqBcs2UAcFA1OnAafGV6OKDf6An4m0p1UBe5UkgZRqQPTT535SsLCxsASbaSvOJmap5Iq544fFR+1kXLCy3suurfGU8JjmdrZLAbzfd8pUODBHeN7vmPH7o5DdK9jcnS1tB4+M2zThzRTdzGZ5KD46lmymqgINiMwBB5HWeqlZFbKXUHkWsdd2hMpZXysTTXMCcoBuDusSSuh+O6e6lIEglASfaJA0sPFbnUAf8SjdWdhe11vyPwn06C8jmgrPdkFxazEKSdSdNLi1hK1Vhx8+H8YFLOOXzMZhy/eM+qy+J/wB+E+93x+cJebjkfiY05H5z1ZfH5xlX/mB9poOU1n177a7PCphlPerv3v8ADp2Zv3uzHlebNAA1FvSc3daW1vtW06gB7lG1FddO4Sap/aLD7ggXjqO2J22PFVh3cMhqn/EqApTH7OZvNZ0RNf8AUnsfsdnisws+Jc1T7ns0h5ZRm+/NgQEREBERAREQEREBERAREQEREBERAREQERECxdNdr/ZsJUqA2dhkp+++gI8hdvuzTHRbp2mB7QClTqF6pQk1wjhaVMNqmRrJdmAa+puLd2Zd1p7U7SutAHuURdrfruAfktv2jNf4qlSIO+/C4GsDPcN1uK2/BVf8utRqfQieKfXjs+9mo4pTuPcpED/3JqyvhUO9F/ZEg1cFT/UX4QN64Xre2a9rNWFzYXoOdd9u7fW0udDrF2e2S1VxnLBC2HrgOVNmCEp3rEEG26c4diFtlLLYkjKzCxIAJFjoSAB6SVh9sYimaZSswNJHSlfKezV/ayZgbE782/TfA6PpdOdnMoYYujlJsCzZQTyGa2skUOlmBc2XGYVjyGIpE/DNeczLtisvYZGyjD5zSBCsqlxYmxGp96/1vHG0anZNSOQq1YVnJQZnYfms3FDy8POTGMcyrXk6ypY+k3s1Eb3XU/QyuGvOSau08z16jUaJatTyL3LLRsoTNTU372Ub94OstdFqqexUZfdZh9JA7KzTyct/GciU9u45fZxeIHlXqD+MmYbpptRN2NxB96qz/jJgdXd0az6CDynLa9ZO1xp9qY333p0m+ZSXbZvWrtG6rUrUlGYAs+HuFAHtHsxc+QgdHFF5D4CAg5Tnuh1xY/vC2DsA5uyVVzW5BXBzG+kvyda+LBRTRwtW9JKjNh3rstMuD/RvlD2qCxuNRpvgbP6X7YGEwdbEH8ymxUHi1rIvqxA9ZzHsPAVMVXSkCTUr1Vp5uN3a9R/QXJ85lfWB1i1MbR+yGiKQDo7sHc5wqkhMr00IF2DX/uiXfqG2J2mMbEMO7h6emn6WtoPUIGB8xA3xhMMtNEpoLKiqqjkqgAD4CVoiAiIgIiICImKdLOmDYOoKa4c1bqGvny77jTunlxIgZXE1qvWqNzYZ0PL+st/6ZMqDrKVjYPRU8nDKfgxEDY0TXNTprXPstT+6oP8AEy24jpjjOFW3kif/AJgbYiaUxHS/FnfiHHllH0Eg1OkeJbfiavpVYfQwN8z4TOdsTiK778ViR5VCfqDIzUn7v9MTa1y4diw43OawJ529IHRj4ymN7oPNgJQqbYw6769IffX+c55BIb8wqTqWZi27SwIA324zx2l8x7GnmsMrA02zDW4y7xaw3mE4b9rdLcCvtYql+0D9JCq9YGzV34ld9hZXNzyFhNI02ZgDfs9/cYZWG8b9BY+B3HhKTYepr+dyytm+gb6whuat1obOX9I7e7Tb+NpQPWpgzfLTrnzVVHxZhy4TSdZGUEspB3G9xfdrv/3ykZsuXfYb9bDzBa1/jrAybEbTFdnqE3ZmLMdN7G5tYnS5kDEEeXmCPrLTZr61APee2bTcc1ju53krBZye4TYDUKDe3vWYD4wnDxVIkOrLsjtmIJDX1tcEi3hm0H3THYNbvKtuHctfnrlUX+9CGPVJHeZL9mRt9NRpuuST5BWbTztKLbLQjMabKvMtlv5KygwMbaUzMhfY9MjMpe3PLcfG+sjPsUcKg+BP0BgWa8+Ey5VNjsDbMt+RIU/AkGU32RV/Vv5a/SBBgGSHwNQb1Momg36p+EJeZ8vPrKRvBE83hBeSMIim96vZm4t3Sb8zcWA9TzkaDCVZVu9icwubnmq8fUCdLdTex+w2bTcjv4knEN5OAKf7gU+pnPXRfZRxOIpUBvrVUp+S3DVG9FF/QzrujSCqFUWVQAByAFgIJe4iIQREQERED4TMf6U7Gp4pMrXVx7DgXK+BB3rzGngQdZkJlJ6N4Gj9qdDsfTY9m1KonAB2VvUMAP3jMexFLFU7rUw1UDjkQleXtU9D8Z0NV2eDwkKtsYGBzyMdSvYrkPJe4fXS/wAxJCYxeFRtNwvcepcsfhN1Y7oujizIrDkwB+sxzHdXOGb9EF9wlPkptAwOntKoN1RT4ZRb1Zsv0lYbQqHeFbxW9v2iAJeMX1agX7OrUXwNmH8D85ZcX0IxqEZKlNxxDAqfTfr6wAxJbcpPu94DzK6Si9zIuI2djk9ug7AciHHwBP0kU7adNHDL/dcMo/Z0B+EC4nCOd1vjPJ2Q53svzP8ACUaO3xxVT6AAeigH5yZS21SO9SPJrAelmPzgR/yIR+kt5D/WfH2YfzqrN5qp/FeXJcbQbdUYe8ot9c37s+tRBF1qUyPElP8A5AsGVsFLKNGYe6cv4LSNVY8Tf3lVvxAy7VNn1bXFMsOa94fFdJbqy23ofjAtYw4zMdDci2lglv1ctpcMFg3OrZXIPdvdQPPLqfWUe0pg6m3mw/lJ2G2jRXXNp4Xb6CBMo4LEEXZBvt/RVCbr/ez/AEA4T7Uw7IVK0mUm+YmmbEDlUFMW+MqUuldBP1z5Lb8VpXHWBSX2aTnzZB9CYEPtVuBoWa4yu+a1uKqzn8MrLglW7nW+8KgFvMoqm3mYxHWNm0GGpn33LfLLITdOau9KGHQbrinu8L3gVjh7966leA1J4cCzfSeaWzydyuRwAQhfG2VRx8ZbcX0ur5e0PZhT+ctGnrc243vIa9I61T2ajDXU2VAL+6BAvi7IqXt2ZC+7rv5s26eamxn1JB14swvbl/vnLJUxWKe+Vs4B9pq1hfl3qi/SUUJv/Sb8veytmXNcnQ63FiByuIF7+wld9RF8M8p1aa2LNVWw3neB575ZVSpf26QXllN7cv6vf/u8oY6nUaktKmX1/rUDHK5UDs2I3Egl7cvWBfagpqcrEXsGsaZU5Tua1gbEbjxkd0oHet/JQfx3+UjYLZOKYD+iqlxTCXZWYaM5Fj+qFKj0k+l0S2g+5SPuoPxNAt7YOj+qfgP5yNWwlEBjlPdBJ7x5X4iZjs/oDjLEMU1O9mtbwsgMyFOqpKlLK+IdXO8ooy+Xe1PncQLf/wBn7ZPa4l8UR3KFPIl+NSqTc+YUMPvib8mH9BujdPZ2H+z0iWuxd3YAF2IAvYbhYAAeEydXMCTEpq09iB9iIgIiICIiAiIgfConhqIlSIEZ8IDwkaps1TwlyiBYa2xVPCW/E9HVYWIBHIi4mW2nwoIGscf1f4Z73oJc8VGU/FbGY/jerGl+Y1VPJgw/eBPzm7DREpPhAeEDnzFdXmJW+SsrcgylfmC30lpr9G8dSN+xzeNN1NviQ3ynSNTZqnhItXYqnhA5prYmtSN6i1EI4uhFvIsJatp4xq1QOzFiAB3jfd4HhblpOn63R1TpaWjE9AMM/tUKR+4oPxAgc6Zm8Z5epzPxP850RS6uMIP/AA9P1UH6y54bofRT2aaL7qqPoIHNNGi7ewrN7qs34QZPobCxT+zh6vqhX8Vp0qmwF5SQmxF5QOcMP0OxzfoCviz0x9GJ+UuNLq8xjCzdmAd4zsfov8Z0IuyVHCVl2co4QND4Pq0rggiuE4d1GvblfMJdk6tSwAqV6zAcNAPgbzcwwS8p7GGHKBqTD9WNDiKjebkfhtLnh+rrDD9CD7xZvxEzZYoifRTEDBsN0KoL7NGmPJFH8Jc6PRxRuFvKZRlEWgWBNgrykhNjKOEvEQLcmzVHCV1wYElRApLRE9hBPUQPlp9iICIiAiIgIiICIiAiIgIiICIiAiIgIiIHy0WiIACLRED7ERAREQEREBERAREQEREBERAREQEREBERAREQP//Z','1');
INSERT INTO `produk` (`id`,`nama`,`harga`,`stok`,`created_at`,`foto`,`is_flash_sale`) VALUES ('2','Earbuds Bose Ultra ComfortQuiet','4900000','27','2026-02-08 14:55:25','data:image/jpeg;base64,/9j/4AAQSkZJRgABAQAAAQABAAD/2wCEAAkGBxISEhUSEhIWFRUXGBgYGRgVGBcaGBYXGhYWFhUVFRUYHSggGBolGxMYITEiJSkrLi4uFx8zODMtNygtLisBCgoKDg0OFRAPFS0ZFR0rLS0rKysrKzAtNy0rKystKzctLSstKys3LTg3LTctKy0rNzc3LTgrNysrOCsyLSstK//AABEIAOEA4QMBIgACEQEDEQH/xAAcAAEAAgIDAQAAAAAAAAAAAAAABgcEBQEDCAL/xABFEAABAwIDBAcEBwQIBwAAAAABAAIDBBEFEiEGMUFRBxMiYXGBkUKhscEUMlJicoLRI5KisggkU2NzwuHwJUNUdIOjs//EABcBAQEBAQAAAAAAAAAAAAAAAAABAgT/xAAfEQEBAQACAQUBAAAAAAAAAAAAARECMWEDISIyURP/2gAMAwEAAhEDEQA/ALxREQEREBERARa7FscpqUZqidkY+84AnwbvKiVb0v4XGbCR7/wsIHq6yCfIq0b014bf6sw/K35OW3w7pTwqYgfSMh/vGuaP3rW96uCaIsekrI5W543te08WEEeoWQoCIiAiIgIiICIiAiIgIiICIiAiIgIiICIiAiIgKNdIWPPoqGSeMXfo1ul7Odxt3Lf1dSyJjpJHBrGi7idwAVCbY7T1OKSFsN2UrT2fvEaZuZNj5KyJVb4hNUzvMk0hzO1OZxLj48ViiibxcfRSWt2ccGnK/td40P6eKibojnLZCWkXBvzHBaHd9DZzd7lwaPk71/ULrmAto6/cuuNxG4pg3GD47WULxJDK5n4Tdp7nDcfNXt0ddLEVaWwVWWKc6AjRkh5ansu93wVFUlDUOF+oktzDd/i071g1FOWHOzslpuRy7x3X4cFLDXtK6Ktehjbn6dB9HmdeohAFzvkj3B3iNxVlLKiIiAiIgIiICIiAiIgIiICIiAiIgIiICIuCUFa9KWIOnkZh7CQywknI4i/7OPzIv5KN/R2tGVoAAFtOSy4ZDNLPUHfLI4j8DSWxjwytHqvuenNiVuMtDVR3UG2mwSV0ofFG54cNcovYjTXxFlPcVxelorGoa6aYi7adhAyAi7XTuP1b6EN366hR+o6Rq55/Y08ETeAEZefVxt7gghp2eqhvgf6KUbOYI2IBzwDJ365e4fquJdtcU3uEZ/8AC0fALZYb0gRSWjr6Ww3dbBo5vfkJv6HyQb6lWr2vwAPjM8Y7bdXAe03jfvt7ltmwtFnxyNlicMzJGnQtG8H7LhxHBdGye00NYXxAFrgD2XEdtu4ltt/eO9BXGyuNuw+uiqWXytd2h9qM6Oaeel/ML19TzNe1r2m7XAOB5gi4PvXjvayh6ipkj4NcbfhJu1ekehrFjU4VAXG7o80R/Iez/CWrNVN0RFFEREBERAREQEREBERAREQEREBERAWHjM2SCZ/2Y3n0YSsxQfpRx/qKZ0LTZ0jHZj9mOxB8zu9UEawaG0cbeTWj+ELP2llFPTB4AL3Os0HdcAm7vug2J57li4XJo3wb8AvjpAOZsDOQc71IHyW2VdR0DMxfJeaRxLnOfxcd5PNbakvwsPAALodFqsumsNTYAbyeCo3NDFffr4r6xLZynlb2owDzGhWRh7FmVbrNQV3NgUtNnbBIXQyAh7OWZpbntzF9/JQfCMQfSzsmb9aN2oPEbnNPcRcK1aqXtKrNo4QyqmaNwe743WasbvpBqRNLHOG5euhjfbfYm9xfjYgq0v6NtXemqovsytf+823+RU5tC+7KYcqdnvLnD3FWj/RpJz1vLLD63kUpF7IiKKIiICIiAiIgIiICIiAiIgIiICIiAvP/AEvYgXfSHX3vbGO5rTa38J9V6AXnDpQjOSccWzEn98/qrEqRbJ1fWU8L7+w0HxAstntWzM6E/cP8yhHRdiGaF0ROrHXHgf8AUKfYwMwi/D8ytIh9VFYrExRv9Wn/AMJ/8pW4r41r66HNBK24F43C7jYDQ7zwCCQ4XWRkll7Oa7JY6ZndWJLN59k38l34m+wVfbL4hOaqCGoZ2nSmbrPtWp3RgC3ZcLWNwpzisiQaN4uVWWPXfVy23mQgeN7BWgxuqrmNmavcTubK558GEuPwUqx07SuHWlo3MAYPBgDB/Krq/o30JbS1MxH15Q0d4Y25971Q9dKXyOO+5/3716z6OMC+g4dTwEWflzv/ABv7TvS9vJSqkyIigIozthtlBh7RnBfK4XbG02JHNzvZb3qqsW6WsQeT1XVwt+63OR+Z36JgvtF5im29xRxua6X8uRo9A0LmDb/FGG4rZT3OyO+LVcHpxFQ+EdMVbGQJ44p28d8bvUXHuVmbK7f0dcQxjzHKf+XJoT+F253lqpgliIiAiIgIiICIiAiIg4VJ9L2FkSzgDSVmdv4gBmHq33q7VEukjBevpusaLviu4W3lvtj0F/JWJXnLo7rurrGtO6QFp8bEj3hXLObhncPmqSxGmNLVRyt0bmDgfPUeiumI3F+7/VWDU4g3VarFG/1ea39m/wCBW2xE6rX1cpbDI5psQx5B5EAqoi2ydW81cL43nqXOEQY8guu2C5cG6ga8QpziblBNm6g/Sadk8BY/M5zXsAa17nR2JcPqnQb22U2r3KRa6KZl1Wr+zLWP5Z2+bn2+AKs2g3qObK7FSYnUVMTXBjBOTI/iGBzrBo4uJJ+KUjnoT2MNbViplb/V6cgm+58u9jO8D6x8BzXpkLXYDg0NHAyngZljYLAcSeLnHi4nUlbFZUWNiFdHBG6WV4YxouXONgFkOKoXpC2jkxKoMMLi2miJAI3OcCQZO8nc3kNeKDSbb439OrJpoGvLDlAzWBAa0DW57Nzc236qKzUNQfsDzufVSR1O2Nga0WA4fEk8StZWVJbuaXEmwAW8TWgmo6gcb+BCw/pMjTYk6c1vscMkbNQWuNvIEE/JRpoJNuJWarYUtW91+yTbU5RuHMrY0tVuIO47+IPyKxsBrDG7K76t9/I7tVJKvB2zNzRgCQcva+6e/vVhq0+jLb90pbS1TruNhFId7vuSHnyPH42kF5IwypLXWNwQfAgg/EEe5ekdgNoPplMC4/tY7Mf36dl/mPeCpYJMiIoCIiAiIgIiIC+XC6+kQUT0sbFmMPMbf2biXxn7Lt7oz8u7wWwwqovBGTxY34aq3a+hjmY6ORuZrhYg/Ed6pysiEJMQNwx8jBffZryB7lqJWPXP1WHVuHVPzajI64GhtlN7HmuKmW5XTUEuje0b3NcB4kEKoiOy7bzwdVMXRteXGN5s5hyuF8p0dv3t57lO6uS6gGFyPFXEJo8svWN7VrdkRluWw0I3G6m0z1OK1lUDtVLOhOlAZVycXzO90svysoTFJZWL0OstSPPOS/q0O/zJUifIiLLSG9KuNmloH5TZ8p6pp4gH65Hg0H1VT7J0BNP1ztzyXNHANHZbbxtdb7+kLXHPTQg6COR58XFrWn0DvVZRhbHQwhm4xR28MgstRKhOKPuStK5pzt8zdbueEuJWpxCYRujsC4lxGVu89k/OyqR91rRILya6a38SVHKsRNeMsbt41JsN/JboUee75QQ8m1mmwAG4XG8rXVuDjewm/JxuPXepVjTibsubztb1upxsriGdgudRof1UCeLEhbygwydrRLE7tWuW8bcuTvBSK2+1MAjqBI3QSDN+YWDvkfNWB0S4rkqWNv2ZQWHx+sw+ot5qrcUxl07Iw9ga5hdrzva4tw3KRbE1pY5jhvY5rh+Ugqj08i+WuuLjivpZBERAREQEREBERAVKbVnLPL/jS+83+autU10kwZKiXvcyQeDmWP8AE0qxKiskuq461YTpUEq0j7r3XdCeUrfLsvWWZVh9YnWIM5kitfolZahvzk+DGD5KmzLYE8gT7lePRnTFmHw30Li9/kXnL/CApViUoi1u0WNRUcD6iU9lo0A3ucfqsb3krKqO6fnn6e0DX9gz3vesGn23jFHBA+OR0kbAx1strN0abnfpZanazHZa+d1RNYEjK1rdzGAnK2/HfvUfkC0iQ1G0cbm2Y1zT32+O5cRUgsHOsXb7jcO5p5a7+KjjWrY0U7maDUcv05Ko2chsFqMXqsjDzdoPmVsDOHC/+xzuopiU5e8nyA5BS1YkeyWHxPjLmtjmmzAFkugjjvq8D2j38Ft6eONpLopY3x5uyGuu5o4AjuUApKp8Tg+Nxa4biFuMKr3S1TpHBoLwSQwWF9NQPJSdrekh2swUZRUsFr2D/E6Nf8j4hY+zDbEgqxKDDhUYfMDwYfgq/wAE4H1Wkj05g8maCJ3ONh/hCzFrdmr/AESC+/qmfyhbJYUREQEREBERAREQFCukrADPD1rBdzGkOHEs+tcd7XAHwJU1XBCDyu8kaHeFwJVbu23RiJS6aisx5uTEdGuPNh3N8Dp4KrMSwGrpzaalmb3iNzx+9HcLcrOOkSJ1i6oYJXGzYZnE8GxSn/LopRgHR5iNU4Zovo0f9pNbNb7kIOYn8VgmmNdgeFSVkzKaMavILz9iMHtvPloOZIC9H0tO2NjY2CzWgNA5ACw+C02yeydPh8ZZCCXOsXyP1fIe88ByaNAt8Fm1Qqi+mTGnT1jaRv1KcAkc5XC5Pk0geZV6FeXds6wiqrJTvM8g8gS0e4JCsJ9KTuIJWrnYQbFaoV8l8wcbrexTdfHm9tu/vHNUYjAs6ALBas+lRHTi9O4Rl7O7NbiBuPvUaKsOCIOFiLgix8FBcSpeqkfGfZOngdR7ipVjFW42YivNfgB8bBagBTbZnDuraM31ibn5BIVYFJiwpsPnLuLPU7gPUqDbNNJYee7zK42wxXNlpmHRtnPtzt2W+W/0Un6MMI62eFhHZB6x34WWOv5rBaIvihhyRsZ9lrW+gAXeiLCiIiAiIgIiICIiAiIgIiIFkREBERBwV5r6UsMMdZVstvf1re9rxf45vRelVWXTNgWdkdY1tzH+zkt/Zu1a4+Dv5lYleawOC2WDVOSQHhuPgdF84zQmN5NuyVjRAkgga/FBu62LK8hd9IvnFfrjmGi/jZKUqokVCFHNuqYNfG8e00g/lOnuKkNDJuXzj8DJBHmF7EkeduHkqTtFtn8OuRI4fhHzW+xHERAzTV7tGjl949wWPV1rIW8C72Wj58gtGxr5Xl7jcnefkOQUXtkYbAXuudeJJ48SSvRvRhgH0en654s+WxAO9sfsjxO/zCgvRXsK6ZzamdloG6tBFuucN2n2AR5q7wFKrlERQEREBERAREQEREBERAREQEREBERAK6KylZKx0cjQ5j2lrgdxBFiF3og837Z7OGjmdBMM0ZuYn/aZ+ovYqNQ0sERzAXPBeodocBhrYTDO24OoI+sx3BzTwKobbLo/q6LM/L1sA16xnst5yN9nvOoViIXM8ucSeK+4XLrK5aVUbilmstRtPibs4YxxGUa2Nrk6207kqa8Rjm7gP1WglcSSSbk63S1ZHZHU63cL/H1Vo7HbPwPhfNIM56lz2t3NByEgkDeQqnVy7CP/AKk7/t3+5jv0Ugt/YIf8Nor/APTQ/wDzat8tRsezLQ0o5QRD/wBbVt1FEREBERAREQEREBERAREQEREBERAREQEREBa3aSi6+lnhG98UjR4lpA962S4KDz7UUkU2H0rzGzOIWAuDQHXAsbka71FtmMEZU1ckUkha1jcwY02c/UCwO+w3mym21UP0CqmpHi0UjnTU54ZXm8kfi15PkQq42ghId10ZIcOLSQfEEJzl5cbJcv6cLJyls2O7bjZ1lPUMZT5ndY3Nk1c5pBI8SD8iszYLZWGp611RclhDerF2kXvdzuNty6NhdpoqeWR1SXEvAAk1e5tjqDrexHLksTbLH2VFT1tMXMGUNLhdrnkcSB6a8lyZ6tn8vH2dG+nPn56YW1mGx01U+KJ+ZotyJaSLlhI3kblZGzbuooZL8Kd48yw/MqsMEpTLKC7UA3J5ngFZ+CtNXUQUUftva+Uj2YGODnk/isGj8S6+Mye/u5+V2r2waHJTws+zGwejQFmLgBcoCIiAiIgIiICIiAiIgIiICIiAiIgIiICIiAiIgju2+yseI05ifZr23dE+18j7W1A3tPEX94C88bR4XUUMhiq4nN5PsTG8c2SWs7zsea9UrorKKOVpZLG2Rh3te0OafEHRXR48dBTuN7j95fPU049q/de/wXpSv6JsIlNzShn+G97B6A2XNB0UYREbilDz/eOe8ehNk1MULs5h1TWP6qhp3P4F5Fo2Dm524ea9B9HuxEeGxG7usqJLGWW2/kxvJg96k9JRxxNDIo2xtG5rGhoHkNF3qKIiICIiAiIgIiICIiAiIgIiICIiAiIgIiICIiAiIgIiICIiAiIgIiICIiAiIgIiICIiAiIgIiICIiAiIgIiICIiAiIgIiICIiAiIgIiICIiAiIgIiIP/9k=','1');
INSERT INTO `produk` (`id`,`nama`,`harga`,`stok`,`created_at`,`foto`,`is_flash_sale`) VALUES ('3','Camera Canon G7X','5199000','22','2026-02-08 17:11:24','https://encrypted-tbn0.gstatic.com/images?q=tbn:ANd9GcQvJCmKGS675xCsWhprIjhJry8DivqUFHyfJw&s','1');
INSERT INTO `produk` (`id`,`nama`,`harga`,`stok`,`created_at`,`foto`,`is_flash_sale`) VALUES ('4','OPPO A6 Pro 5G','3900000','31','2026-02-09 17:20:30','data:image/jpeg;base64,/9j/4AAQSkZJRgABAQAAAQABAAD/2wCEAAkGBxAQEBAQDw8PDxAQDw8PDw8PFRAPDxAQFRIWFhUSFhYYHSggGBolGxUVITEhJiorLi4vFx8zODMsOCgtLisBCgoKDg0OGxAQGDUdHSUrLS0rLS0rMi0tLS0tLi0tLS0tLS0tKy0tLS0tLSstLS0tLSstLSstLS0tLS0tKy0tK//AABEIAMIBAwMBIgACEQEDEQH/xAAcAAEAAQUBAQAAAAAAAAAAAAAABAIDBQYHAQj/xABQEAACAQMABAYMCAsGBwEAAAAAAQIDBBEFEiExB0FRYXGRBhMiJDJUdIGTsbLSF0JSVXOSobMUFiM0YnLD0dPh8AgVNYKDwkNERaKjtMEz/8QAGQEBAAMBAQAAAAAAAAAAAAAAAAECAwQF/8QAIREBAQACAgMBAAMBAAAAAAAAAAECEQMxEiEyE0FRYRT/2gAMAwEAAhEDEQA/AO4gAAAAAAAAAAAAAAAAAAAAAAAAAAAAAAAAAAAAAAAAAAAAAAAAAAAAAAAs3d1TowdSrUhShHwp1JKEV52a/Ps90Ynj8Kz0U67XXq4ZzHhC03O6vasXJ9ptpypUYfFTj3M6j5ZN528mFy51qtVp04a9aTgn4Ozfy/8Aw6seCa3lWV5Lv07l+P8Aozxl+ir+6Px/0Z4y/R1/dOD2t/b1ZOFOo5Sw3jDWxb2sraSHHnLTgwvVR+mUdw/H/RnjL9HX90fj/ozxl+ir+6cL1sb+sqJ/58UfpXcvhA0Z4y/RV/dHwgaM8Zfoq/unDS/onRMr25jbuUoUY0+315Q2TccpRgnxNt7+aXMVy4cMZtMztdrfCDovxtejr+4efCForxtejre6ava9jVlSWIWluueVOE5PplJNt9LLv9y2vitt6Kl+4x8In9GwT4RtErfeRXTCsv8AaU/CTofx6H1avumvy0LbeK2/oqX7jBdltKNrQVS20db3E3UjBx7SpKEWm9dqEcvakv8AMPCH6VvvwlaH8eh9Wr7pXHhE0U9qvItcupWx7JpVroyjOlTnOzoUpzpwlOm6dNuEnFNwbxxPYevRVv4tb+jp/uJ/OI/Vuvwh6K8aXo63ukvR3Zjo64koUrum5t4jGetScnyLXSy+ZGnWeirV4za223Y/yVLfxPd5vOR9MdhtlcQku0U6FRrua1CMaU4vib1cKS5nlEXCJnI6uDQuCTTFxVoXFndyc69hV7T2x5bnTy1Ha9rw4vD5HE30zs01gACAAAAAAAAAAAAAAAAAAAHztpN9+XDfFXuH505Nfbg0PSukJzqVIyx4bpxz8WKbwkv63s3jTD77ufpbj/canpjRbqT16eotZJTjJvDkvjdWOrnO7lxuWM0xxsl9sLcU5Up4z3Ue6jKO9edG031+6dJT42orOMqLa3tf1vIOjNGRgsV1FxTzqU8603xKUnjEejL5Mb1MqTTWHhrke4pxYZSX+E55TcW9F3s6kc1EsqWxrwZLeZWm8pPlSf2GJ7ZhJLYluS3IylHwY/qr1G+MsntnVbZtXB4s3V15JZe1W/cakzceDVZubvySy9qsU5vlOLedQpcCU4FLgcxpFcC1KBNlAtSiTtCBUgRpwMjUiR5wJVsU2S4uX18RlGspPlWSBaw7pGUhHZ1rqbRFWxYbg6WNJaY+kofdxOinO+Dz/E9M/SUPuoHRDLLt0Y9AAKpAAAAAAAAAAAAAAAAADxgfOGm331dfSXP+41DSOkFJSipOLi2u5zrSln1Gy3lSUp1JSeZTU3J7NspReX1s0m/pas28+E9dNcTy9j5/5HbzWzH0xx1soXk4SzrSfLCbb2cps2iNH1ryrGhbQ7ZUmnJRyopRSy229iSNfsbF18yc1rfGnLuadOC42/6b3LLZsHYxp6po+4hc0ownKEJQcKmdWUZLDWVuexbeYpw3LVTnJt72QaGubGoqV1T7XOUNeOGpxlFtrKa501yk6ku5j+qvUR+y/soq6UrwqVKUKbjBUoQpty3yby297bf2EzUwkuRJHRjvXvtnkszNz4MF3zd+SWPtVjTahufBc++bzySx9qsZ83yti6JqnjiVlLZzJW5IszRfkWZslFR5xLEokmZEu7ylS/8A1q06edynJRb6E9rJitSLSn3S5tpO4l19e0xVtpq03fhFNZ3uWYLHJmSS2mTc01lNNPamtqa5mRUyzTDcHn+KaZ+kofdQOiHMeD+pL++tKxz3L2tbNrjTt8Pza0us6cZ5dt8egAFUgAAAAAAAAAAAAAAAB4z08YHzNU8N+b1Fmpo6nPbjDzxY2l+6g41JxksSjJxkt+JR2NZXOi5SPUc1RFoOm98pnv4v0/lT+wykC6i2ortjrfRdOm9ZLMluctrRdqEmRGqMiiLVNy4Lvzm88ksfarGmVTceDB983fktj7VYw5vlpi6O2UtnjZRVqKKzJ4S42cyXrZFr3EYvV2ylxQjtl/Lz4PdWpU3ZpQ5f+JLoXxV9vQX4UadFbsZ24W2c3y/zZbWu2e7ekana1Kj7t6i+RTfdPpnv6sdIqVqdKMoW8IJyTU6kUuPft+PLn9e4XFeUtngx+SuP9Z8fRu6SJUZPaL6RZrHIeWi1H+S7hva4LZTn0rcn+kvt3HlaRGVbEl0mjLqquDmopaZ0m1xp79j8G2ynzp7PMdTOY8H1NvTOlZpdylBSf6U6Vs1s59WR045s+3dj0AAosAAAAAAAAAAAAAAAAAHjA+aNJV1OvWqJNKdWc0nvSk8pPn2ntJkW6zGpOLTTUsNPY01vT5y5SmenHNWQhIu5IkJlxTLbVXJyI1WRXOZGqTItFmqzdOC5ZubvyWx9qsaNVkbvwWNfhF3nP5pY7m18atyGHN00joF9cQowdSo2ksJJbZSk90Yrjb5Ci1cHGNWtOLqNKSpR7vtOV4OF8bicnz7kYyrPt1ZzeXTpOUKKbbTlunU28edi5k+UlwMvHUZ+W7/iZUu2/AWqvlPDl5luX2kaT497e9va30splMszqCRNr2cyLVqCrUIlWoWkZ2qK1Qx9ath+cuXFYxVzXLyM7W0cG1df3rpWGHmfaJp8SUKNBPP111M6cco4MU3pbSMsNrtcE3xJulbYT6cPqZ1c5eTt34fMAAUXAAAAAAAAAAAAAAAAAAB8xael35deUVvbZHhMr7IH35deUVvbZFhM9CVhYnxqFztnOQY1CtVC21dJEqhZnMtuoW5zFqSpI2/g+uO11L2S3xsrWS6V25o0qUjaewyXd3a5bK19dYyz9mXrGuhW0NSMY/Jil58bS+5kWc9rKZVitnthjfSROqR6lUszrEapXEhcl2rVIVeuWq1xzmOubktIparurgw91c7Ty7uucxFe4J2SOpcEcs3ulHyqz/8AXpnUjlPA483ekn+jZ/cQOrHJn9O/j+YAAouAAAAAAAAAAAAAAAAAAD5Z7I5d+3XlFb22QoyJXZI+/bvymt7bMepHcxSVM91yOpnuuSaX3Moci3rlLkNmlUpG09h88Va3PaWq+2qak2bH2M1MVanPa2vrqFaryfNdD7ZmEJcsUn0rY/UWJ1yPom6Us0ZPGu8029ynu1fP6+kt3qcW09mCbHHL60rqXJErXRAr3WDH1rwJ7T693zmLuLvnIla75yDVuCNrTFeuLggVaxbq1iLKoQ0kdq4Fnm60i/0LP7iB1k5HwIvvjSH6lp9xA64c2f06sPmAAKLgAAAAAAAAAAAAAAAAAA+Uuyd9+3flNb22Y9SJ3ZR+e3flNb22YzJ2s1/IyWVI91gaXcnjZb1inINLjkZzQ1ZQnOT3K0tm/rVDXzKQl3E+ejZ9X5YiqcnzWUjp7LxqJLlcn+42yw0xTuIKNd4aWI1965lUx7XXynOaaRNt6ji8xbi+YtK5csf6bRpmwnT4tjWVJbU1yp8ZrNzNozujtPuK7XUSlB74vbDpxvi+ddTKdJaKhWWvbva9va5NZf6r3S9fMTrfSsy121SpWItSsXrylKLakmmt+SBUZnW8j2dQs6+0pkxBbUV2s7jwGv8AL6Q/VtPuYnXjkXAdHFxpFPfq2n3MWddMc+3Rh8wABRYAAAAAAAAAAAAAAAAAAHyd2UPv688pre2zGZMj2U/n155VW9tmMOxmrySrGydVTa1+4cE1ThKtUetnD1Y/FWrtfOltyQ8njAy1bQ8oy1XPLUVLWUJum01nEJ/GfN08hEds9m/bjY4tSW/wlxLYRnUec5eUlHP6Orq46NXZ0FJHsVZMmn3EvobP9sYsyE5dxL6C0/aiq59KITJFOqY2NQvRqksLGTjUyXqN1Om8xezji9sX5jGwqFxVRFbizkrulcLVqxTluWXiX+Wb9UusxNfQcZycaNWDmnjtNZqjWT5MS2S6Ytkaci9J/hFNwltqQi3SlxtLfB8q5C1u+1ZjcelD7Er1vH4NUfOls6yTR0JRtH2y/qwjq90rWnKM7io+KOF4CfK8GuOo0sJtLkTaXUWG+TYU3J1Gure67hwD3sq9fSVaSSdSVOWrHwYraoxXMkkvMdiOKf2dN97/AKfrZ2s5s+3Vj0AAqsAAAAAAAAAAAAAAAAAAD5L7Kvz688pre2zF5Nh4QtHTt9J3lOaa1q86sHjClTqPWi1y7HjpTNdOpmq1hrFIG0qtYaxSBse5JtxLEXz29t+0IJfq1M6mXslSVLPJKDeqn5myFcp6RY1C5GoW5Ws0/BfUI0J/Jl1Mll6So1C7GqRFSn8mXUy4qc/kvqJVX3UJGjJPtsccqIsKM3sUZPoTJ86DtKbq1u4qzi1QpPw23s7Y1xRW/L3vCQR36YK6kteeN2vLHRl4I7YbKZMpWsjtf9nL/nf9P1s7Ycf/ALOujakba6uZRahVqQp029mtqazk1zd1FdKfIdgMcu286AAVSAAAAAAAAAAAAAAAAAADXOzHsLtNKQiriMo1IJqnXp4VSKfxduyUeZ+bBzypwGPPc6R2cWtR2+2dmBaZ2I1HF/gMl84x9C/fHwGT+cY+hfvnaAT+mR4xxf4DJ/OMfQv3x8BkvnGPoX752gD9Mjxji/wGS+cI+hfvlUeA6SynpCDT3xdHKf8A3nZgP0yPGOQ0uBNxWzSU480YVMLo/Kl1cDc1/wBVq/UqfxTrIHnUeMcpXA/V+dq31Kn8U9+COt871vqVP4p1UEedPCOWLgmuFu0xcLojVT61VMfV4C4zk5T0hKUpPMpSp1JSb5W3V2nYwPOnjHGvgGp+Pf8Ain/FJui+AyyhNSuLirXinntcI9qUuZtyk+rD5zrAHlU6WLK0p0KcKVGEadOnFQhCCxGMVxJF8AqkAAAAAAAAAAAAAAAAAAAAAAAAAAAAAAAAAAAAAAAAAAAAAAAAAAAAAAAB/9k=','1');
INSERT INTO `produk` (`id`,`nama`,`harga`,`stok`,`created_at`,`foto`,`is_flash_sale`) VALUES ('5','Samsung Galaxy S25 FE','10900000','0','2026-02-10 10:04:56','data:image/jpeg;base64,/9j/4AAQSkZJRgABAQAAAQABAAD/2wCEAAkGBw8PDQ8NDg0NDQ0NDRANDQ0NDw8NDQ0NFREWFhURFRUYHSogGBslGxUVITEhJSkrLi4uFyE/ODM4QygtLisBCgoKDg0OFQ8PFSsdFR0rLS0tLS0rLS0rLSstKystLTcrLSsrLS0rKy0tLSstLSstKy0tLS0rKystKys3KysrK//AABEIAMIBAwMBIgACEQEDEQH/xAAcAAEAAQUBAQAAAAAAAAAAAAAABwECAwQGBQj/xABOEAACAQIBBQYQCQsFAQAAAAAAAQIDEQQFBxIhMUFRcbGz0QYTFhciMjQ1VFVhc3R1gZEUIyVTkpOUoaIkM0JkZYKywcPS8FKjwuHxcv/EABgBAQEBAQEAAAAAAAAAAAAAAAABAgME/8QAHBEBAQEBAQEBAQEAAAAAAAAAAAERAjESIUED/9oADAMBAAIRAxEAPwCcQAAAAAAAAAAAAAAAAAAAAAAAAAAAAAAAAAAAAAAAAAAAAAAAAAAAAAAAWzmopuTUUtrbsl7TzavRDg4PRliYRa2p6XMcFngy/VpOlhKU5U9NOdSUW1KytqT3L6X3PfZEOLxFOk7T0nN63CCV431rSbep+TWUfTPVNgfCqf4uYdUuB8Kp/i5j5lwuJp1U3Bu8dcoSSU4q9r6m015edGay3hiPpTqlwPhVP8XMOqXA+FU/xcx82WW8Vst4YPpHqmwPhVP8XMVXRJgne2Jg7K7spuy33Zal5T5sdt42cVRvN4aX5nDxpadJPsK2KlTjUnUqL9LR01CKd0lHfbGGvoGXRtklOzypgk1tTr00195Tq4yR40wP2inzkBww1NalTppLcUI8xmjQp/N0/oRL8s/adurjJHjTA/aKfOOrjJPjTA/aKfOQdDDQ+bp/QjzGvlDCVPi/g9Oh2/xunCPaf5fyj5WdJ56uMkeNMD9op85Tq4yR41wH2inzkNRwdP5qn9CPMZY4On81T+hHmJjSYOrnJHjXAfaKfObuTuiLA4l6OGxuGrvepVYTf3MhiGDpfNUvoR5imIyPQqL82qVRa6deilSr0pbkozjrTRFxPgOVza5Zq4zJsJYiSlicPVq4SvNfpzpTcNP22T9p1QQAAAAAAAAAAAAAAAAAAAAAQrnj74077Okq68moh7KU2q9RT29Mm3t13balq4UyYM8vfCn5nmI3ykqCSVdacrJxjGN6kYvWru8bLdtfd2ayjychpvEOUb6EISUnv6StFe+z9h0Br4F0nD4lrRi+yho6EoN7slu8N3wntZErYODq/DKVSqnSapdLdtGp5da8msDzQUBUJvU+Bm/iO6sX6QuQpHnT2PgZ6GK7qxfpC5CkJ6nXjJFmWma8WZ6bNubbpozwRrU5mzSkZrcjYhEyxiWUzYgjFrpIRgZowLoRMsYmLXWR0uZ7uPGetcZyrO+OCzP9yY31rjOVkd6bcaAAAAAAAAAAAAAAAAAAAAAISzwSvlKN9igl7LRIhylUfT6qn23TZ6Xtb18Gxkt53++K/wDj/jEjzKNGg9F19FSt2NtPpmhudrub1/YUeTkS/wAIbjfQjTmpvZdNWj+LR9x7xgwUKWh8S4OCl2SjpJqWuzlpdlv23Ntt0zXERUXLWyhQm9T4Gejiu6sX6QuQpHmT2PgZ6WK7rxfpC5GmEviqZd0238jE2e90LZPTXwqor62qKe5bU5+/UuBlv4zJtVwGRKk0p1pdKT1qC11LeXcj956tPJNGO5J+Vyd/uN1yKXOdtejnmRqvARXatrh7JFI03F2f/TNu5bLWZ1rIsiZTEi9Mix0eZ9/k2OX7TxT99afMd+R/me7nx3rPFctMkA6ONAAEAAAAAAAAAAAAAAAAAABCGd+NspR0tjgn+7aJEmU6zderp6pdMmn5Nbt7NnsJczyS+Uo+SiuJEb4zB06rvOL0kktKD0ZNLYnqafuuVHl5Fk/hD0XeHS5qb3HH9H8Wie4YcPh401owWim7vW3KT3Lv+WpGW5RUpcpcoBSpsfAz1MT3Vi/SFyNM8qo9T4GezVjfFYv0lcjSESsFRamd1hKap0qcFshTjH3I46VK6OwoVdKnCX+qCftsKcsrZS5bcXM439LrlNItbKXGL9LrlUzHcuuTFldPme7mxz/aeKX+9PnJAOAzO9yY31pi+Vkd+VgAAAAAAAAAAAAAAAAAAAAAQXng75fuf8YHCne55UllKNt2km+GyOAbNIXKApcCpa2UbBRSo+xfAzoYxviMX6V/QpHOVNj4GdThY3rYt/rX9CkP6lXxpnq5Mq2XS3wx5jVjAyRiVl6xRmtSxD2PX5d0zdMT2My0MoGUCaqVuWXKaRMa11uZvubHes8Ty0yQSPszXcmNf7UxXKMkEigAAAAAAAAAAAAAAAAAAAACDc9D+U4+ZXEjgDv89HfOPmY8SI+bNRBsoGUKFylwUIKVNj4Gdfk6N6uM9L/oUTjqj7F8DO1ySrzxnpj5CiBtKJckZNEaI1MWxMkS1IuQRkiXMtiXoDG2WORfXjZX95pzqBHd5mO4sZ60xXKMkEjzMo/yHGes8T/GyQzLoAAAAAAAAAAAAAAAAAAAAAILz1P5Tj5iPEiPiQM9T+U4+ZjxIj5s0hcpcFLgVLWw2WlFJvU+Bnd5EV5Yv0x8hROEnsfAyQeh6N/hb/XXyFEzasb2gUcDZ0SjgZ1r5ariLGw4FjiXUvKxIuQsXJF1nBxurPY1Y8CrUs2nti2nwpnQ2OWxs/jqvkqS4yxmxJeZB/kGL9ZYj+MkYjjMa/k/FescR/ESOZbAAAAAAAAAAAAAAAAAAAAAEE56n8qR8zHiRHxIGervpHzEeJEfNmog2WthsoUAChBSex8DJH6GY6sX6bLkKJG89j4GSV0K9ri/TZchRMd+N8evXcS1xMrBz11xgcSxxM7Ra0XUsa7iUsZpRLbG2bGKrNQjKcnaMYuUnvJK7OKVRybm9s5OT4W7nsdEeUE/yam76060ls1bIfzf/p4puOPaV8xfe/Fesa/GSSRrmK73Yr1jX4ySjLQAAAAAAAAAAAAAAAAAAAAAgbPZ30j5mPEiPiQM9nfReZjxIj40gWyZVgC3S8hTT8hcALZPU/aSX0K9ri/TpchRI0nsfAySehV9ji/TZchRMd+On+fr25MxuVi5sxTZzdqudeO7q4h02H+uH0katU0K9NbxZGL09CvlCjDtqsOCL05e5Hh5Ry3OacKKdOL21H+ca8m9w7SyrTW8alQ6yRy66rTULFsjJMxSNONSxmJ734r1hX4ySiNcxHe7FesK/GSUYdQAAAAAAAAAAAAAAAAAAAABAuezvovMx4kR6STnywk44+lWs9CpSUb7iaSSX4Ze4jUqAAKABS4FJ7HwMkjoV7TFP9dlyNEjeWx8B33QjlCnp16DklOrKGMpJ2XTKU6MIy0d9xlCSZnufjfHromzFJmWZgmzk6sVRmlWZs1JGnWZuOfTTrM0qpt1WalQ6RyrWmY2jPKBirSjCLlJqMUrtvYisJVzE978V6xr8ZJRHmY7CzjkiVaUXFYvF1q9NS1PpblqftJDMOoAAAAAAAAAAAAAAAAAAAAA8zL+QsPj6Lo4iGlH9GStpQfk9y9y3kcBXzL4ZybhjKsFuR0FK3tciUgBFPWVoeHVfqo846ytDw6r9VHnJWBdEU9ZWj4fV+qjzlOspQ8Oq/VR5yVwNEUdZSj4dV+qjzl08y9GUFTljZyUJOdNuladGT2uElJNb9ndX12uSqBoijrNS3MvZSS3tJ/3FOszLx7lL6T/ALiWAQRM8y78eZR97/uLXmU/beUP8/eJbAERvMkvHWP/AM9pTrILxzjvcucl0ARD1j4+Ocd7l/cbeTcyWChUjPFYzF42MXdUqjUKba37a2SmAMeHoQpwjTpxjCnCKjCEVaMYrYkjIAAAAAAAAAAAAAAAAAAAAAAAAAAAAAAAAAAAAAAAAAAAAAAAAAAAAAAAAAB//9k=','1');
INSERT INTO `produk` (`id`,`nama`,`harga`,`stok`,`created_at`,`foto`,`is_flash_sale`) VALUES ('6','Lenovo LOQ 15IRX','15399000','7','2026-02-10 10:09:11','data:image/jpeg;base64,/9j/4AAQSkZJRgABAQAAAQABAAD/2wCEAAkGBxITEhUSEhIWExUXGBYYGBgYGBoYFhcVFhcYFxUYGBgYHyggGhslGxUVIjEiJSkrLi4uFx8zODMsNyovLisBCgoKDg0OGhAQGi0lHyYrLS0tKy0vKy0tLS0tLS0tKy0tLS0tLy0rLS0tLS0tLS0tLS0tLi0tLS0tKy0tLS0tLf/AABEIALcBEwMBIgACEQEDEQH/xAAcAAEAAQUBAQAAAAAAAAAAAAAABAIDBQYHAQj/xAA/EAABAwIDBQQHBwQCAQUAAAABAAIRAyEEEjEFQVFhcQYigZEHEzJSobHwI0JikqLB0RRyguEz8dIkNEOywv/EABkBAQEBAQEBAAAAAAAAAAAAAAABAgMEBf/EACgRAQADAAEDAwEJAAAAAAAAAAABAhEDEiExBEFRIhMUQlJhkaHR8P/aAAwDAQACEQMRAD8A7iiIgIiICIiAiIgIiICIiAiIgIiICItB9LHa2phKVPD4V0Yqu4BpEEsZIE3BALnENEjTMfuoN+RfO9b0rbSwdV1GpiKWKLYlxpy0W0lgpGfNbBsz07tNq+Fb/dTqEH8j2x+pXB2hFoWzvS7syoBmdVok7n0y740c4jmtm2d2nwVcxRxdF590VG5/FpMjyUGXREQEREBERAREQEREBERAREQEREBERAREQEREBERAREQEREBERBYx2LZRpvq1HBrGNc9zjoGtEk+QXzD2u2licXVrbSljGhzMrHQajaZcWUQ0QYiHXBBJ9YRZdC9PXa3IxuApG5yvrR1mkw+Izn+1m5y4ltHHGsWzMNaGtlxcQ0AANuYAEQAAIC1WGbRacxEqVS5xcdXEk9SZKQqhTKuMpcbfXBdIrLpi0GxyV0Yl4tmJHA3HxV7JaQvWUXGwb/J46fWq3PGSn7K7TYyjHqq1WmBuZUqMb0LWnKehCv0+0+ILy81sQKh1eKr8/H2swcoVPB8THKZO7hp4r11BrdHSOn7aLX3f5Z2G3bM9J20KcRjC9o+7Va1wPVzhm/Utq2d6ZsSB9rh6NbT2HOpW365xI8FyXIDqdOVvCNFafSibfORfksz6f4k2H0JgPTFg3Wq0a9LiYa9n6XZv0rddhbdw+Mp+tw1QVGgwbFrmng5rgCPEL5EZVeDAefG/zUzZ3aDE0HZqVV1M2k03vpzGk5TDhyNlxnjmFx9govmnZvpf2lSs6t6wcKjGPA8W5HHxK2vZvp1NhWw1N3Ese6mR0Y9rgfzBZyUdrRc/2d6XtnVB3xWo/wBzM48PVFx+AWzbP7W4CsQKeLoucdGl4a/8jod8FBmkXgK9QEREBERAREQEREBERAREQEREBERAWM7Sbap4PDVcTU0Y2QNC95sxg5ucQPFZNcB9O3a311cYKk77OiTnjR1YiHfkaS3q9/upHccx27tSpia9StUdme9xc47i46xwGgA3ANG5Y8NVYartKlP1P/fBdoq08aTp9H/f11kYdo+8Be3npzP+xdVU6W4efLzt9a7szh8GIBdIPgJnSAd9jr8IleinFMs27IWDpPmQNIIMWndqLKVUBaNSBv4+I4eKm1KrmkBgyNiS4RLgSAQSQTE27p4W0jIYPANqguAncWzMRpuuenwXu4+GZ7axHVacaxUpGxDSWnruPDgrRpOidNfHf+63Spsfjbfwtb+FExOyAAbRxIO+VLemrHiXT7KWpll+fw03K5ScRreBv/nVZCrgLm3HqY3fP60x5MGCLarz24prOuc1mFNalbMBM/R/ZRXM1JsshkPeHCCI4afuFDrCbxA/jr9XWLRE93SveEV7f+1afCkVBEcwrQY2QCSASJIEkCbkCRMDdIXnsqbszYlSs3NScyZiC8B02DYEzJJdEx7PMT7i8Ni6Amo17WyBJhzSSCQAbg2B8itt/q9nuruqsr0XNYaDKTMRh3uZTwbGVA9op39bWkUt4lz3GRJLXabZWGZg6tVrTkeaNTD1BiM4NauQ91EYdpIYxlFtVhc/vZqQveBwZa3sTtFiqbmto1H0r/8AxvfT6k5CAV9D+inaeLr0HuxLzUEgsc4DNBHsyB3rQ6TfvBcD7F7GdXqtaGyXkCPwyBHLM4geIK+p9i7Obh6LKTfui54uN3Hz+EJInIiKAiIgIiICIiAiIgIiICIiAiIg1r0g9phgMG+sCPWu7lIHT1hBIJG8NALjybG9fJ2IrF7y8kkm8ky43kkneSSSTxJW+emDtX/W4stpumjRllO9nXHrHj+5wH+LGnetBYyTddK1WIXHi8jl8lIoN3Hpyv8ANW2ATf66/W5TcMQ0tJG+frX6K9VY7617pmAwpc4xYCSeQmJ+t8c4ydOkXvgSAIBsCNdC1xBDoDjvsbHjYwpHsiJdd0xYAXF7SIjfw4luR2ZiA5+YgCmyIaB3Yvu3GY4a8F7eGu2xxmeqchmH7IaaApkZarocANaYLRLJN4JAN9wXnZrZ9WkS0tLnOEMYLucReeQt8VIwmKytNVxkniN2/wDjwCj7S2k+m6lRFQ03vyvrPAJcGuhzKI3wGw5wGpIB0M+vp6rb+3++F5+SOOPp8s5itj1YmriqOHPuyXOAPvZdLEHxWtYwPpVcjznb91wiHtvBBE/QhZXb1LEtefVg1KBhxqAEE2kiTMQSQQbggg6QsFs8OqtFpHrn5DNoAZny8s88tVvoiaxPV59ng4OfltfLKdqU2MMzEEWsTfURu1K1rEMbmgHf4/DXf5FbLjtg98hzwLkuNjEST10KxNWlTaTlmJ4bvadYaw2V4pra1d9n0bzM95Q/V93MBqwAzO4xoBd0NO+bW3qARrbh1HMD618VmsQxzmEFljcEOuSZsC0QRIH5QdQsQ9kcBAmIsJIiOG7QDReW9fYrE4hVWqzl4qVUM+G+3Xdrrvuo1Vee0R5axaCvYWhncAN+vIb1Hhbf2E2E6vWYwNkuInhE90HkTc/hB4Ljqa616GuzeRpxL2xuaOBi35WnzeeC6oo2zcE2jSZSZo0RO8nUk8yZPipK5oIiICIiAiIgIiICIiAiIgIiIC0L0w9q/wCjwZpsdFauHMbHtNp2FR44GCGg8Xg7lvOIrNY1z3uDWtBc5xsA1okkngAF8oekLtQ7H4ypWMhns02n7tNs5GxuNy4/ieRuViNGsPcSZO/6Hh/pVhWyqmTP/S617NQvtOnFZLBi4EhwBv8AeFuY/biVAy6fX1opFIwQBfebzfdqfq69FO0pLJurEZjIvbTQC9+BkNjkLQpuCdFPq6/QfQWMrk5oHn8BHx8zvKl4I/ZnkZ8PqF7eC2WlinaWc2hV+yyj3R5XmVVtljq721KLM4cHOztEPDnNkgwTBaXQOOUbxCs0q7XMgmMvy+gvdk4bMS6i9zBOoMX6heutsnJcvUcU2nWW2BszFDB1m4p7qOFEBpIMue54s1upBAcYi5jqJeBwraTQ/KWNDQ2k0xma3XvfjJJc7m47iFZwxbSIc95eTeCc3eFpM2mCRIneo+0dpZrmYvAEyeQ1sOPXitxWe/6pw8HT9UrGNxB9qQZjyJAcfmPPgsXQYKji7W+mUSXwT3SS0acT+yNJqkk91pAk/d1sGg6SALckxmMLGuyFwMBoiJEiSS7cNNCSTfmOHNyREZV1tbqtiztPEPL8gIyg96SQJ5Mc5xEcBAkuMRCwOOqS431Ji26bX49FIq1RN7OgX5uF549eSi4l1uHLluXhtOxL0fhxEc8ef1ZR3lVOdzVvMvJa2syvYSjmcAdNT0Gq+iPQ92b9VSOJe2HOkN5HR3kO71z8VyX0fbAdia7GAakEnhvbPIAFx/tjevp/B4VtJjabBDWgNHQcea4WliV5ERZBERAREQEREBERAREQEREBEUTa20GYejUr1DDKbHPdxhomBxJ0A4lBzz0y7edkbs6i9jX1WmpWLnBrW0WSQ0kn77m6bw0j7y+eKmEdr7U35/FbFtnalTFV6uIqmX1HFxGoaNGsHJrQ1o6KGWBWJGEewjUQvWNngsuaasvwo93yW4tC6jU3DjKkU2815Q2e97gynJc4gBvEr3+me2zmkQSDbeDB+K9FLxK7HhPqMHdE33D+B+ypoYnI+/GL/vyURz9LaKtxzXvO/nG9d+rJ2HLxKbiMbFqcgGJnpuWWoYwta1sgQJi9pm/wWtNnhcfHT+FIYTvO/jNrcPq668fPMW6mupm620RYgknnpI5cNVQ7v95zzB3Ccwta+nDUWjzxlOCLCwg3sBu8bfJVOxMC31z8OHzXS3Pa0Mz1WTNoY4NHq2gC8usPaN2t3A6nU6utIkrGVMU5w70CAABAgWAiI0tqYPEHUWc/Mf3QPlp4LzE15bznpI6D915ptu7LpSkR3evxBG/z6Raw5qLXcYiZnWyt1qhMX8+H181ZL1wtyezUPTzVzB0M7gNRqf48dFbedy3n0Z9mnYnEMbFpDnHhv/SJP9xbxXG84zLrvoj7OeooeveO++QOn3j5gN6Mneugq3QotY1rGiGtAaANAAIA8lcXFBERAREQEREBERAREQERR8XjqVITUqNYPxECeg3oJCLUtq+kDC0gS2XxvPcbcwPa72pH3Vp+2PSPXcIp90H3IBy3uXOJINtIBuria6xicSymM1R7WDi4gD4rl/ph28yvgxRw73OPrWOeA3uvY0OOWXR9/I63uLSsR2iq1HZnOG8EuJLiY1a4nS41KoO035Xesp5wDaBlJEWsbnqBF4TDWpYXDB5LS7IRxaSPh+0quvs+owZpa5o3tcPCWughbG/1DyBMEiRIMaSRmG8aXhRsXsjMw5HW4iHjzCuJrXUzKZU2VVGkO+CivY5vtNIUxrXrHlpDmktcNCCQRusRcWJUmjjXtaGWLQIAIBgX0O7UqGAN3wXt02RJL6Z9psfXJKWzmVIDKzGvc/KGPlgDAwuNR9Uw1okQG6mVGlCt15ZhdV1Nm1g2m5zHgVGGowxM0xq+0kNHOOOiikt988449VIzGCMxEgtsSO6dR0ufMrJ43bJrOc6tTpuLzSBc1oaWU6diylqGSJvz4QB1pz/mz+f7SZz2YZ2LIjUNHO0HWTvVt+Inl8vDj4qVtBtJznGmwsaXHK2ScrN0u1LjEm8XO6Fj6uHnQx8vguk+odJlS5w94cvqFbL1S/DOG6en+1ZcY1suU8ms6uOO9USvDovGrMz3E3A0S94ETfzJPdHiV9Leins6MNhhVcO/UGv4Zmf8jfoGLkfot7MnE4hgI7rTmeeFhm8gQOr2lfSbGAAACAAAANABoFztOyzPlUiIsgiIgIiICLwlYrG9pMNTsaoceDO8fMWHiUGWRaXje250o0gObzP6W/ysDjduYir7dV0cG90eTYnxVxNdFxu1qFL/AJKrQeEy78ousBje2rBalTc7m45R5CSfgtJAXpVxNebZ9IdcktLjSvED7IugwcpMuPndajX2tXqNcXm7p7zSQ61iO93pgzxG4ra61EOBDgCDYg3BB1WFxnZ+ibAlkbgZbviWmQBMG0G2oVw1rn9QYDQ4mbgObJvqWl0ZZ4yJR4iz25nEiMuWJmTA9p2tzeB0WUxex6pIMMqNAAhjW05jeQ0AE6XLr7wVjKTcrjOai4yAIhztAfaAtE6SDOqgqNU93v5uLJNr2BLRMEboA/ap7BLpblA0DZcy17gy3LE2InmLqgMMaB5tcmHCYnKNGidYNwF4w5SCC7OZ+6dNDlLiDERMu38EFL2yA8mzbAExABkRqMvQtVkBzZhzqYJJbkza6gg2ERaQ4kc4hSajS2zmh7jEFpFo3NiHOF7iDpyUeplgHMcwmWi95EXbBiJ1CCXT2q/M31jQWkCczYdpZwMh0HW8/JSGYyg9pL/s4MEEh46gtvlm0wsY6l3iHMaRuDGtmbaAC3CC1WTUDhLnOiCIzAAgybQDaZtA1VGWrbCpvuyDYHumTB0Me1CxtXYNSYYc3KJKt0w6WvFg090gFwkzYTLRcOJEjUqfg9sVm5i4ktIdl9YJAOjmgnvFtyCASY8QoMPXwNVgl1NwHGDCj/P4rbm7WouY0vaWSYIYJa13MEDUbwTvCqrbKo1DDSxxiQARMbiGnUX1CYa09J5LPYrs6R7JIPA/wf5WMr7Oqt1bPw+dvipi7CLKpIXtQRZwI6iPmqYUV4WK7RbTgiowusILTBHelxIdIJItuA1uVbzXj/Xz1VQKuj2nsinUJDX5RaJgONgSSzMYGvs5lFobKcKob7RkQOJdGT5g7lLhbn6Lezf9VigXN+zZd3CB7XnIb/keCaOs+jHs8MLhGuI79QAzvy6t8yS7/IDctxXgC9UBERAREQEREFnG4ZtWm+m6cr2uaYsYcCDB43Wi7Q7D12Xw9UVW+5U7r/B4sT1hdARBx3FMfSOWvTfRP4h3T0cLHwQXXX6tJrgWuaHA6giQeoK1zaHYjDPk0s2Hd+D2PFhtHIQrrONCNQDf5K2a3ALN7R7I4qlcNbXbxp918c2H9iVgnCCWmWuGrXDK4eBWtR45xOpXkKot4pCC3l3/ACsvKtMOEPa14OocBf8Ab4K4kIMTX2HSN2F1I8NW+RkAdIUHEbJrNHstqt/DH/1db4lbJCNpncg0yA10iabjyyG1rSAeGitAHK45fWC4DnZwAb+xEDNljSdd63v+nmZ+A+e4+SxG0NhUgwuzerAiXZiAAIHszputGqYutVy5SHXDwRENc6I3jN3pm24WVsg3mH5gQJLQQCRcyZB1tP7Tln0qeVrczGsa498U7u0cC5pcdJscsKrE4DChjS2teDBtUzHSSDcb9CBfpAYGo60OJboQJ0BncYg6byvXSQD3TYizLmCAJENcSc0zfSbq/imuBAzzmi0i8wALki4gQL7lZq0veYWudcZgW/pdAjdwEoAYYygOaLRmLQBuBdYcDoD+6uesIgtN22BBObLvJygW3SWjUC6U6JDxTIzCJDWlhJaAQMokgkCbNm2hRntOBqBjWhxuAHbhlDWEiSYsXRqVBk8Djqwa7K8VJBIYTmLXbgKbj3hA+6I6XV6jtumWE1KZzNjNkjLJtbM4ib6SNd6xRafVZi3NLgG5pMf2WBm4mARppEqmpUJaym11QucZIAEAyQ3KQc077keMqo2CthqLjlzsk3ykhpNp0Jg2IOqx2M7OtH3S3p3Z/wDzHQKCGua8NzAlugpuz6j7velxsJImJ1mykYHab6eeHZZNwS54BvNi+5nWUEqrniKjBUH4hn+PtDwWB2oabXgNaGd2TckTJFgdBb4rbcDjjUa0mjnJiXMysHUd4z+UfzJxWCpkybdRceV/FJI7NCo08zg1urjA4dTy3r6J9GOzKeHwzWAEVHjMSRq0ez494uPN54LjmzGYerV+wa57hBkCGuM2EC7jvvqu59iMPiBQL8TOdzjlDhDwz8XUzbhCyu92xoiKNCIiAiIgIiICIiAiIgKLj9nUawy1abag/EJI6HUeClIg0zaHYNuuGrOp/gf9ozoCe8OslaztDYuKof8ALQJb79L7RnUj2mjqAusorqY4tSId7Lg7of2KvChxK6btXs3hcRepSGb32918/wBzdfGVrGO7E12Xw9YVR7lWzvB7RBPUBXUxrgpgblUvcW2pRMYik+idJcJYTye3ulGkESCCOS1qKYVt9EHUfsVeVLigxeK2LTdPdEkzMAO1n2gPmCsNjdh1IADhA4tAMamXgHMZjUCOK3B9BwElpA4kcdFbIU2JSJajgcJWpn7Kk2RYl5BDje7XtEgQBa/xgTNp+sMD1THt7pLXe0XaGA4RHMElbVg9mVav/GwuHHRo/wAjZV4/YlakJfTOX3hDm+JGnjCK5lVpFuZxY6mPZgNiMws0B7TNh1iTzVppLaREtGYiST3gN9joJvIcPnG+VsAxwykW4QC2xkd0yNVjcTsCfYOWxFriDr3XG3gRzBQ1qmMwrQGw12/M5wcGzvaGviY6led+q+wDy1rRDWtADRA9nddoMiFsdPZNKmD6yq586tacrTGkgG/iT0Wb2fsLF1mZcJhxSbue5oDBO+8B3hKDU8PsCo7vPy0hvm7id5N4nxPRZCjh6FMht6rt2a8RwJHdudABMromyPRsYBxeJNR2/IAJvPtEacgB1W4bL2BhsP8A8VFrT7x7z/zOkqauS5fgezOOrjuUvVNOjn9wDgYPeI6CFs+yfRvTaAcTVdVIiQ0ZGk75Op8Mq3xFNXELZeyMPh25aFFlIad1oB8TqfFTURRRERAREQEREBERAREQEREBERAREQEREFL2AgggEHUG4K13aHYvC1CXUwcO/jSOUeLPZ8gFsiIOc47srjKV25cS38PcqflNj4FYeni8j4INKoL5ajSxwPG//S68o+NwNKs3LVptqN4OAPlOhV1Jq5fRxVRujzviQ3fxhoDjzInmVbDzObfM6A36GxW247sJT1w1V9E+6ftKfk45h5+CwGJ7P46m6P6cVeDqdRob4h8EJEVjxDPTjMYbbeMcwNy0xNg5zYMcmjXdo2Fitr1mROIxLi7UCxjpTGn6eiyGF7K42qP/AFGI9S3e2nLnkcHPP+ws7szshg6NxS9Y73qnfM8YPdB6AK6uS57gqGIr/wDt6D3j3yMrPzGB8Vn8D2Aqvviq8D3KX/kRH6T1XQQEU1cYfZfZjCUINOi0uH3nd908QXaeELMIiiiIiAiIgIiICIiAiIgIiICIiAiIgIiICIiAiIgIiICIiAiIgIiICIiAiIgIiICIiAiIgIiICIiAiIgIiICIiD//2Q==','1');
INSERT INTO `produk` (`id`,`nama`,`harga`,`stok`,`created_at`,`foto`,`is_flash_sale`) VALUES ('7','HP Envy X360','9699000','3','2026-02-10 10:10:36','https://encrypted-tbn0.gstatic.com/images?q=tbn:ANd9GcSAa5DPO9dGcqm8y-4q_XZG70tHO7FfXA4QXA&s','1');
INSERT INTO `produk` (`id`,`nama`,`harga`,`stok`,`created_at`,`foto`,`is_flash_sale`) VALUES ('8','Sony A6000','6500000','14','2026-02-10 10:11:32','https://encrypted-tbn1.gstatic.com/shopping?q=tbn:ANd9GcQPXdcEZx8oGbRzNufTPJw5cSXtq4lml1bImgca0TpND_2YLVncK0-h9ABcX_dnNOUI51nGXIjZ5BgElXKnX8rAcqqtbUSokoQ9W18_gT9jtnULASeEn_TUYg4UvDSJgx8w9BXNhhuzTsE&usqp=CAc','1');


DROP TABLE IF EXISTS `transaksi`;
CREATE TABLE `transaksi` (
  `id` int(11) NOT NULL AUTO_INCREMENT,
  `user_id` int(11) DEFAULT NULL,
  `kode_transaksi` varchar(30) NOT NULL,
  `nama_pembeli` varchar(100) NOT NULL,
  `hp` varchar(20) DEFAULT NULL,
  `alamat` text DEFAULT NULL,
  `total` int(11) NOT NULL,
  `metode_pembayaran` varchar(50) DEFAULT NULL,
  `bukti_pembayaran` varchar(255) DEFAULT NULL,
  `no_rekening` varchar(50) DEFAULT NULL,
  `nominal_transfer` int(11) DEFAULT NULL,
  `status` enum('pending','diproses','selesai','batal') DEFAULT 'pending',
  `tanggal_transaksi` datetime DEFAULT current_timestamp(),
  `created_at` timestamp NOT NULL DEFAULT current_timestamp(),
  PRIMARY KEY (`id`),
  KEY `fk_transaksi_user` (`user_id`),
  CONSTRAINT `fk_transaksi_user` FOREIGN KEY (`user_id`) REFERENCES `users` (`id`) ON DELETE CASCADE ON UPDATE CASCADE
) ENGINE=InnoDB AUTO_INCREMENT=13 DEFAULT CHARSET=utf8mb4 COLLATE=utf8mb4_general_ci;

INSERT INTO `transaksi` (`id`,`user_id`,`kode_transaksi`,`nama_pembeli`,`hp`,`alamat`,`total`,`metode_pembayaran`,`bukti_pembayaran`,`no_rekening`,`nominal_transfer`,`status`,`tanggal_transaksi`,`created_at`) VALUES ('5','2','TRX-00005','Labib','2992 2902 7272','Jl. Buntu','4900000','QRIS','','','','batal','2026-02-10 08:05:06','2026-02-10 14:05:06');
INSERT INTO `transaksi` (`id`,`user_id`,`kode_transaksi`,`nama_pembeli`,`hp`,`alamat`,`total`,`metode_pembayaran`,`bukti_pembayaran`,`no_rekening`,`nominal_transfer`,`status`,`tanggal_transaksi`,`created_at`) VALUES ('6','2','TRX-00006','Labib','9083 8390 2679','Jl. Tikus','3900000','BNI','','','','diproses','2026-02-10 08:05:45','2026-02-10 14:05:45');
INSERT INTO `transaksi` (`id`,`user_id`,`kode_transaksi`,`nama_pembeli`,`hp`,`alamat`,`total`,`metode_pembayaran`,`bukti_pembayaran`,`no_rekening`,`nominal_transfer`,`status`,`tanggal_transaksi`,`created_at`) VALUES ('7','2','TRX-00007','Labib','8789 2567 2654','Jl. Samin','5199000','MANDIRI','','','','selesai','2026-02-10 08:14:23','2026-02-10 14:14:23');
INSERT INTO `transaksi` (`id`,`user_id`,`kode_transaksi`,`nama_pembeli`,`hp`,`alamat`,`total`,`metode_pembayaran`,`bukti_pembayaran`,`no_rekening`,`nominal_transfer`,`status`,`tanggal_transaksi`,`created_at`) VALUES ('9','2','','Labib','8789 2567 2654','Jl.H.Mualih','5199000','BNI','','','','','2026-02-11 12:29:48','2026-02-11 18:29:48');
INSERT INTO `transaksi` (`id`,`user_id`,`kode_transaksi`,`nama_pembeli`,`hp`,`alamat`,`total`,`metode_pembayaran`,`bukti_pembayaran`,`no_rekening`,`nominal_transfer`,`status`,`tanggal_transaksi`,`created_at`) VALUES ('10','2','','Labib','9083 8390 2679','Jl. Jalan','3900000','BCA','assets/bukti_transfer/BUKTI_10_1770810593.png','','','','2026-02-11 12:42:15','2026-02-11 18:42:15');
INSERT INTO `transaksi` (`id`,`user_id`,`kode_transaksi`,`nama_pembeli`,`hp`,`alamat`,`total`,`metode_pembayaran`,`bukti_pembayaran`,`no_rekening`,`nominal_transfer`,`status`,`tanggal_transaksi`,`created_at`) VALUES ('11','2','','Labib','9083 8390 2679','jl. Jalan','5199000','MANDIRI','assets/bukti_transfer/BUKTI_11_1770811321.png','','','','2026-02-11 13:01:45','2026-02-11 19:01:45');
INSERT INTO `transaksi` (`id`,`user_id`,`kode_transaksi`,`nama_pembeli`,`hp`,`alamat`,`total`,`metode_pembayaran`,`bukti_pembayaran`,`no_rekening`,`nominal_transfer`,`status`,`tanggal_transaksi`,`created_at`) VALUES ('12','2','','Fahmi','8789 2567 2654','Jl.H.Iming','10900000','DANA','','','','','2026-02-11 14:46:58','2026-02-11 20:46:58');


DROP TABLE IF EXISTS `transaksi_detail`;
CREATE TABLE `transaksi_detail` (
  `id` int(11) NOT NULL AUTO_INCREMENT,
  `transaksi_id` int(11) NOT NULL,
  `produk_id` int(11) NOT NULL,
  `harga` int(11) NOT NULL,
  `qty` int(11) NOT NULL,
  `subtotal` int(11) NOT NULL,
  `created_at` datetime DEFAULT current_timestamp(),
  PRIMARY KEY (`id`),
  KEY `fk_detail_transaksi` (`transaksi_id`),
  KEY `fk_detail_produk` (`produk_id`),
  CONSTRAINT `fk_detail_produk` FOREIGN KEY (`produk_id`) REFERENCES `produk` (`id`) ON DELETE CASCADE ON UPDATE CASCADE,
  CONSTRAINT `fk_detail_transaksi` FOREIGN KEY (`transaksi_id`) REFERENCES `transaksi` (`id`) ON DELETE CASCADE ON UPDATE CASCADE
) ENGINE=InnoDB AUTO_INCREMENT=11 DEFAULT CHARSET=utf8mb4 COLLATE=utf8mb4_general_ci;

INSERT INTO `transaksi_detail` (`id`,`transaksi_id`,`produk_id`,`harga`,`qty`,`subtotal`,`created_at`) VALUES ('3','5','2','4900000','1','0','2026-02-10 14:05:06');
INSERT INTO `transaksi_detail` (`id`,`transaksi_id`,`produk_id`,`harga`,`qty`,`subtotal`,`created_at`) VALUES ('4','6','4','3900000','1','0','2026-02-10 14:05:45');
INSERT INTO `transaksi_detail` (`id`,`transaksi_id`,`produk_id`,`harga`,`qty`,`subtotal`,`created_at`) VALUES ('5','7','3','5199000','1','0','2026-02-10 14:14:23');
INSERT INTO `transaksi_detail` (`id`,`transaksi_id`,`produk_id`,`harga`,`qty`,`subtotal`,`created_at`) VALUES ('7','9','3','5199000','1','0','2026-02-11 18:29:48');
INSERT INTO `transaksi_detail` (`id`,`transaksi_id`,`produk_id`,`harga`,`qty`,`subtotal`,`created_at`) VALUES ('8','10','4','3900000','1','0','2026-02-11 18:42:15');
INSERT INTO `transaksi_detail` (`id`,`transaksi_id`,`produk_id`,`harga`,`qty`,`subtotal`,`created_at`) VALUES ('9','11','3','5199000','1','0','2026-02-11 19:01:45');
INSERT INTO `transaksi_detail` (`id`,`transaksi_id`,`produk_id`,`harga`,`qty`,`subtotal`,`created_at`) VALUES ('10','12','5','10900000','1','0','2026-02-11 20:46:58');


DROP TABLE IF EXISTS `users`;
CREATE TABLE `users` (
  `id` int(11) NOT NULL AUTO_INCREMENT,
  `nama` varchar(100) NOT NULL,
  `email` varchar(100) NOT NULL,
  `password` varchar(255) NOT NULL,
  `role` enum('admin','user') DEFAULT 'user',
  `created_at` timestamp NOT NULL DEFAULT current_timestamp(),
  PRIMARY KEY (`id`),
  UNIQUE KEY `email` (`email`)
) ENGINE=InnoDB AUTO_INCREMENT=10 DEFAULT CHARSET=utf8mb4 COLLATE=utf8mb4_general_ci;

INSERT INTO `users` (`id`,`nama`,`email`,`password`,`role`,`created_at`) VALUES ('2','Labib','labib@gmail.com','$2y$10$W7iTA0B0PcjNqVl0L8ZdmuMNe.08ekMyhB3tnq2xwbyf3pR/k8pYy','user','2026-02-09 22:38:55');
INSERT INTO `users` (`id`,`nama`,`email`,`password`,`role`,`created_at`) VALUES ('8','Petugas Cartix','admin@gmail.com','$2y$10$uhVLwLlRYsLI3zC7M0QMse9jJV0KpambUQD5FdicRj2clpp9nZCeG','admin','2026-02-09 22:56:13');
INSERT INTO `users` (`id`,`nama`,`email`,`password`,`role`,`created_at`) VALUES ('9','Samsul','samsul@gmail.com','$2y$10$yn7TzZ8YMa6TImyhBkpSMutX9wdMlv.WEJEWP.hTJLNt9utQxNtSu','user','2026-02-10 12:35:35');


SET FOREIGN_KEY_CHECKS=1;
